{
    "employees":[
      {
        "ID": 1,
        "slideimg": "pic1.png",
        "alt":"pic1"
      },
      {
        "ID": 2,
        "slideimg": "2.jpg",
        "alt":"pic2"
      },
      {
        "ID": 3,
        "slideimg": "3.jpg",
        "alt":"pic3"
       
      }
   
    ],
    "datas": [
      {
        "state_code": "Mens Wear",
        "distributors": [
          {
            "id": 1,
            "Itemimg": "pic1.png"
          },
          {
            "id": 2,
            "Itemimg": "2.jpg"
          },
          {
            "id": 3,
            "Itemimg": "3.jpg"
          },
          {
            "id": 4,
            "Itemimg": "7.jpg"
          }
        ]

      },

      {
        "state_code": "Womans Wear",
        "distributors": [
          {
            "id": 5,
            "Itemimg": "8.jpeg"
          },
          {
            "id": 6,
            "Itemimg": "8.jpeg"
          },
          {
            "id": 7,
            "Itemimg": "8.jpeg"
          },
          {
            "id": 8,
            "Itemimg": "8.jpeg"
          }
        ]
      }
    ]
  
}
  
   